token_address,symbol,name,logo,thumbnail,decimals,balance,possible_spam,verified_contract,percentage_relative_to_total_supply,security_score,balance_formatted,usd_price,usd_price_24hr_percent_change,usd_price_24hr_usd_change,usd_value,usd_value_24hr_usd_change,native_token,portfolio_percentage,block_number,wallet_address,email,total_supply,total_supply_formatted
0xeeeeeeeeeeeeeeeeeeeeeeeeeeeeeeeeeeeeeeee,ETH,Ether,https://cdn.moralis.io/eth/0x.png,https://cdn.moralis.io/eth/0x_thumb.png,18,0,false,true,,99,0,2952.536430527422,-0.43610224309106377,-0.027001127070500175,0,0,true,0,24306361,0x3819f64f282bf135d62168c1e513280daf905e06,thomas2@gmail.com,,
0xa0b86991c6218b36c1d19d4a2e9eb0ce3606eb48,USDC,USD Coin,https://logo.moralis.io/0x1_0xa0b86991c6218b36c1d19d4a2e9eb0ce3606eb48_46c5dbd42c02bf9d1f2e0bc4705da611.webp,https://logo.moralis.io/0x1_0xa0b86991c6218b36c1d19d4a2e9eb0ce3606eb48_46c5dbd42c02bf9d1f2e0bc4705da611.webp,6,5258062630,false,true,0.000010477095720546,100,5258.06263,1,0,0,5258.06263,0,false,83.81246872633668,24306361,0x3819f64f282bf135d62168c1e513280daf905e06,thomas2@gmail.com,50186261252616390,50186261252.61639
0x514910771af9ca656af840dff83e8264ecf986ca,LINK,ChainLink Token,https://logo.moralis.io/0x1_0x514910771af9ca656af840dff83e8264ecf986ca_84d6a7515397260cd0fcb1954b7a1829.webp,https://logo.moralis.io/0x1_0x514910771af9ca656af840dff83e8264ecf986ca_84d6a7515397260cd0fcb1954b7a1829.webp,18,57168333540000000000,false,true,0.000005716833354,97,57.16833354,12.19488454606865,-1.2688255207293935,-0.15672031469300052,697.161227211444,-8.959439222863216,false,11.112610796892248,24306361,0x3819f64f282bf135d62168c1e513280daf905e06,thomas2@gmail.com,1e+27,1000000000
0x2b591e99afe9f32eaa6214f7b7629768c40eeb39,HEX,HEX,https://logo.moralis.io/0x1_0x2b591e99afe9f32eaa6214f7b7629768c40eeb39_9487c7472bf5915332b6246213d793a6.webp,https://logo.moralis.io/0x1_0x2b591e99afe9f32eaa6214f7b7629768c40eeb39_9487c7472bf5915332b6246213d793a6.webp,8,27826613046067,false,true,0.000515710618949706,84,278266.13046067,0.0008037990034935994,-6.5062059424222065,-0.00005593613892514008,223.67003837030646,-15.565132931609192,false,3.5652557634007933,24306361,0x3819f64f282bf135d62168c1e513280daf905e06,thomas2@gmail.com,5395780506272787000,53957805062.727875
0x3819f64f282bf135d62168c1e513280daf905e06,HDRN,Hedron,https://logo.moralis.io/0x1_0x3819f64f282bf135d62168c1e513280daf905e06_04cc930a9d4d1435553d9d879bdb574e.webp,https://logo.moralis.io/0x1_0x3819f64f282bf135d62168c1e513280daf905e06_04cc930a9d4d1435553d9d879bdb574e.webp,9,6295013710383012000,false,true,0.003886058589110873,72,6295013710.383012,6.92981489246e-9,-1.825759043878527,-0.00001563025681350003,43.62327975845208,-98392.68093779017,false,0.6953463714249255,24306361,0x3819f64f282bf135d62168c1e513280daf905e06,thomas2@gmail.com,1.6198967581246132e+23,161989675812461.34
0xc02aaa39b223fe8d0a0e5c4f27ead9083c756cc2,WETH,Wrapped Ether,https://logo.moralis.io/0x1_0xc02aaa39b223fe8d0a0e5c4f27ead9083c756cc2_7a88b9c0f9593d020d5be31a11a4ef8f.webp,https://logo.moralis.io/0x1_0xc02aaa39b223fe8d0a0e5c4f27ead9083c756cc2_7a88b9c0f9593d020d5be31a11a4ef8f.webp,18,10000000000000000,false,true,4.42014108587e-7,90,0.01,2952.536430527422,-0.43610224309106377,-0.027001127070500175,29.52536430527422,-0.0002700112707050018,false,0.47062841327728583,24306361,0x3819f64f282bf135d62168c1e513280daf905e06,thomas2@gmail.com,2.2623712242934199e+24,2262371.2242934196
0x0f5d2fb29fb7d3cfee444a200298f468908cc942,MANA,Decentraland MANA,https://logo.moralis.io/0x1_0x0f5d2fb29fb7d3cfee444a200298f468908cc942_e16c814f60cf8810f6c480246a1b15ce.webp,https://logo.moralis.io/0x1_0x0f5d2fb29fb7d3cfee444a200298f468908cc942_e16c814f60cf8810f6c480246a1b15ce.webp,18,118002934490000000000,false,true,0.000005380450792147,73,118.00293449,0.15723500754888778,-8.161603563182,-0.013973347180019996,18.55419229532606,-1.6488959718899259,false,0.2957501214652615,24306361,0x3819f64f282bf135d62168c1e513280daf905e06,thomas2@gmail.com,2.1931793273201462e+27,2193179327.320146
0xdac17f958d2ee523a2206206994597c13d831ec7,USDT,Tether USD,https://logo.moralis.io/0x1_0xdac17f958d2ee523a2206206994597c13d831ec7_3b83ef2ba0dba0e3385a845032e48304.webp,https://logo.moralis.io/0x1_0xdac17f958d2ee523a2206206994597c13d831ec7_3b83ef2ba0dba0e3385a845032e48304.webp,6,3000000,false,true,3.010841955e-9,99,3,1,0,0,3,0,false,0.04781940115061163,24306361,0x3819f64f282bf135d62168c1e513280daf905e06,thomas2@gmail.com,99639902896724900,99639902896.7249
0xd4419c2d3daa986dc30444fa333a846be44fd1eb,ZIK,ZIK coin,https://logo.moralis.io/0x1_0xd4419c2d3daa986dc30444fa333a846be44fd1eb_906c601e4e4427f0d490aef41ede37e2.webp,https://logo.moralis.io/0x1_0xd4419c2d3daa986dc30444fa333a846be44fd1eb_906c601e4e4427f0d490aef41ede37e2.webp,18,51604940167010150000,false,true,5.16049402e-10,72,51.60494016701015,0.00014637744422785136,0.4513308189638794,22.701780818500083,0.007553799251178135,1171.5240408232755,false,0.00012040605220109232,24306361,0x3819f64f282bf135d62168c1e513280daf905e06,thomas2@gmail.com,1e+31,10000000000000
